Rk,Team,Eff,FTAR,FT%,FGAR,FG%,3PAR,3P%,MRAR,MR%,NPAR,NP%,PPSt,PPSC,SCC%,%3PA,%MRA,%NPA,Prox,AP%
1,Duke (35-4),133.49,32.90,78.54,90.43,51.19,37.41,40.30,15.18,43.57,37.84,65.00,13.25,19.35,8.72,41.38,16.78,41.84,1.995,1.000
2,Houston (35-5),126.86,27.39,74.96,96.80,47.82,33.04,41.63,37.07,39.26,26.70,67.38,14.27,18.94,8.00,34.13,38.30,27.58,2.065,0.997
3,Florida (36-4),129.21,33.53,72.99,89.69,49.96,39.28,38.49,15.51,37.62,34.90,68.36,14.61,17.94,8.01,43.80,17.30,38.91,2.049,0.994
4,Auburn (32-6),127.99,32.60,72.28,91.30,49.81,35.80,37.61,21.65,45.26,33.86,65.63,14.92,16.37,7.59,39.21,23.71,37.08,2.021,0.992
5,Tennessee (30-8),123.12,33.20,74.59,89.81,47.23,38.63,34.97,18.33,42.04,32.85,64.55,13.20,16.42,7.89,43.01,20.41,36.58,2.064,0.989
6,Maryland (27-9),124.30,31.87,76.60,89.61,48.67,30.95,40.91,24.04,40.26,34.61,61.45,15.56,17.07,8.46,34.54,26.83,38.63,1.959,0.986
7,Gonzaga (26-9),126.95,28.04,80.07,90.49,51.27,31.19,37.59,25.82,46.46,33.48,67.72,13.83,16.93,7.97,34.47,28.53,37.00,1.975,0.983
8,Alabama (28-9),126.45,33.79,72.29,86.44,50.53,38.63,37.97,11.01,49.31,36.81,64.08,13.22,16.88,7.82,44.69,12.73,42.58,2.021,0.981
9,Michigan State (30-7),122.24,34.56,78.23,89.09,47.50,30.16,35.05,25.80,38.21,33.12,66.08,10.81,18.14,8.05,33.86,28.96,37.18,1.967,0.978
10,Wisconsin (27-10),125.14,31.78,83.67,87.52,47.76,41.08,36.39,14.48,43.88,31.95,64.15,9.28,13.72,6.31,46.94,16.55,36.51,2.104,0.975
11,Texas Tech (28-9),126.66,28.31,75.42,95.42,47.23,41.13,36.89,23.32,43.08,30.98,64.08,12.53,19.71,7.39,43.10,24.43,32.47,2.106,0.972
12,Iowa State (25-10),120.65,30.60,75.15,85.97,49.92,31.17,37.91,20.49,38.70,34.30,67.55,18.30,15.94,8.06,36.26,23.84,39.90,1.964,0.970
13,Arizona (24-13),126.34,32.93,78.37,89.53,49.91,30.14,37.05,22.61,40.65,36.78,66.14,14.34,16.59,8.32,33.66,25.25,41.09,1.926,0.967
14,Purdue (24-12),126.90,31.09,72.76,89.75,50.47,34.07,40.16,28.22,44.52,27.46,69.39,13.83,15.86,7.95,37.96,31.44,30.59,2.074,0.964
15,St. John's (31-5),117.35,29.99,69.29,94.75,45.40,32.24,32.69,25.70,36.93,36.80,62.44,18.14,24.66,9.89,34.03,27.13,38.84,1.952,0.961
16,Texas A&M (23-11),118.58,36.91,69.43,90.38,44.86,34.69,34.20,21.05,34.77,34.64,61.67,15.19,22.39,9.11,38.38,23.29,38.33,2.001,0.959
17,Illinois (22-13),124.22,31.69,77.87,89.33,48.17,39.81,33.88,17.03,41.01,32.49,69.43,8.94,15.05,6.80,44.56,19.06,36.38,2.082,0.953
18,Missouri (22-12),127.13,37.98,73.60,86.51,49.47,34.97,38.86,16.86,38.66,34.69,65.42,18.12,15.97,6.83,40.42,19.48,40.10,2.003,0.953
19,Kansas (21-13),118.43,24.81,72.87,90.12,49.20,30.84,37.90,27.39,42.22,31.89,66.11,12.62,15.36,7.05,34.22,30.39,35.39,1.988,0.953
20,BYU (26-10),126.05,27.86,70.64,89.78,50.51,40.65,38.53,16.77,45.93,32.36,67.94,13.71,14.81,6.62,45.28,18.68,36.04,2.092,0.948
21,Kentucky (24-12),124.06,31.57,72.59,85.77,50.90,34.33,40.30,17.79,39.09,33.66,67.95,13.77,13.12,6.75,40.02,20.74,39.24,2.008,0.945
22,UCLA (23-11),120.17,29.48,70.16,89.88,48.25,33.32,38.25,29.08,41.10,27.49,67.94,15.18,16.55,6.26,37.07,32.35,30.58,2.065,0.942
23,Saint Mary's (29-6),116.39,29.36,69.03,94.52,45.45,31.48,32.40,25.50,38.46,37.54,61.15,8.48,20.90,7.36,33.31,26.97,39.71,1.936,0.939
24,Michigan (27-10),117.93,32.03,72.55,86.27,48.08,33.86,34.63,15.12,44.26,37.29,61.86,11.38,18.18,8.01,39.25,17.53,43.22,1.960,0.937
25,Clemson (27-7),120.81,27.22,77.35,92.41,47.09,34.55,36.79,23.66,42.81,34.19,60.47,12.44,17.40,7.24,37.39,25.61,37.00,2.004,0.934
26,Ole Miss (24-12),121.57,30.90,73.78,89.61,47.73,34.83,37.96,23.45,38.99,31.34,65.14,17.09,14.14,6.20,38.86,26.17,34.97,2.039,0.931
27,Oregon (25-10),118.87,29.05,76.39,87.86,48.24,32.54,36.59,22.05,43.55,33.27,62.74,14.11,17.04,7.64,37.03,25.10,37.87,1.992,0.928
28,UConn (24-11),123.37,28.77,78.83,90.73,47.97,37.94,35.97,15.23,37.01,37.56,64.52,11.38,18.92,9.03,41.82,16.79,41.40,2.004,0.926
29,Creighton (25-11),120.59,24.88,74.32,87.06,49.63,42.46,36.92,14.47,42.63,30.14,70.91,7.77,13.27,6.80,48.77,16.62,34.62,2.142,0.923
30,Marquette (23-11),119.81,25.45,72.28,93.88,46.17,43.35,34.00,12.36,39.00,38.17,62.30,16.61,14.63,6.05,46.18,13.17,40.66,2.055,0.920
31,Louisville (27-8),118.82,29.74,74.48,87.89,47.22,39.62,34.50,16.86,43.23,31.40,65.40,13.18,14.76,5.88,45.08,19.18,35.73,2.094,0.917
32,Baylor (20-15),122.00,28.97,75.89,93.57,46.59,35.92,35.71,24.94,39.58,32.71,63.89,15.71,18.86,7.54,38.39,26.66,34.96,2.034,0.915
33,North Carolina (23-14),120.57,31.41,74.72,87.22,48.81,31.93,37.41,16.48,37.21,38.81,63.12,13.25,15.13,7.90,36.61,18.89,44.50,1.921,0.912
34,Xavier (22-12),119.82,30.38,78.65,83.99,49.14,33.02,40.51,18.32,39.70,32.64,63.17,15.13,11.52,6.59,39.31,21.82,38.87,2.004,0.909
35,Colorado State (26-10),119.35,27.18,77.37,87.41,48.50,35.19,38.45,21.80,40.08,30.42,66.15,12.71,12.22,5.31,40.26,24.94,34.81,2.055,0.906
36,Arkansas (22-14),116.92,32.29,74.01,86.69,47.45,31.69,33.95,21.33,39.02,33.67,65.49,15.25,15.63,7.55,36.56,24.60,38.84,1.977,0.904
37,UC San Diego (30-5),116.43,27.58,75.05,87.56,46.32,41.51,35.19,13.47,38.08,32.58,63.90,16.25,12.03,5.00,47.41,15.38,37.21,2.102,0.901
38,VCU (28-7),117.20,29.17,73.94,91.11,44.61,42.22,33.99,16.04,37.89,32.85,61.53,16.51,19.86,7.37,46.34,17.61,36.06,2.103,0.898
39,Mississippi St. (21-13),119.63,29.72,71.28,90.62,47.23,38.30,33.56,17.06,40.10,35.26,65.53,17.45,19.31,8.70,42.27,18.82,38.91,2.034,0.895
40,Ohio State (17-15),119.73,31.40,75.27,88.08,47.59,32.71,37.50,25.49,39.39,29.88,65.62,12.16,14.32,7.02,37.14,28.94,33.92,2.032,0.893
41,Georgia (20-13),118.61,33.20,72.11,86.42,47.91,32.83,36.16,21.03,39.61,32.55,65.11,13.30,17.43,9.33,38.00,24.33,37.67,2.003,0.890
42,New Mexico (27-8),114.40,31.21,69.02,89.18,46.81,26.65,35.13,21.70,37.34,40.84,59.47,17.22,17.76,7.48,29.88,24.33,45.79,1.841,0.887
43,Cincinnati (19-16),114.27,23.01,66.28,94.63,46.12,34.87,33.61,24.53,38.50,35.23,63.81,16.35,15.11,6.79,36.85,25.92,37.23,1.996,0.884
44,Villanova (21-15),121.42,27.70,80.81,90.20,46.20,40.18,39.03,23.98,40.04,26.04,62.96,9.90,13.03,5.84,44.55,26.59,28.86,2.157,0.882
45,Vanderbilt (20-13),119.50,29.74,73.77,90.87,46.65,36.41,35.11,18.10,39.69,36.36,61.66,17.81,20.06,9.75,40.07,19.92,40.01,2.001,0.879
46,Northwestern (17-16),115.52,29.93,72.81,89.96,45.82,32.19,35.04,28.78,43.86,28.98,59.74,12.05,20.06,7.91,35.78,32.00,32.22,2.036,0.876
47,West Virginia (19-13),111.73,23.16,73.21,91.57,44.62,39.35,33.19,20.36,35.47,31.86,64.58,14.78,13.72,5.40,42.97,22.24,34.79,2.082,0.873
48,Indiana (19-13),115.52,31.07,71.08,88.95,46.80,29.99,33.93,23.84,37.87,35.11,63.86,12.45,19.08,8.50,33.72,26.80,39.48,1.942,0.871
49,Penn State (16-15),118.03,33.14,76.87,82.68,49.31,29.72,37.04,15.06,41.33,37.90,62.11,14.14,12.30,6.10,35.95,18.21,45.84,1.901,0.868
50,Oklahoma (20-14),119.10,33.32,79.52,83.00,48.19,33.46,37.67,13.34,41.44,36.19,60.41,14.41,12.56,6.37,40.32,16.08,43.60,1.967,0.865
51,Texas (19-16),118.50,32.40,75.27,87.95,47.13,30.72,36.52,25.25,36.93,31.98,65.38,14.18,16.04,6.39,34.93,28.71,36.36,1.986,0.862
52,SMU (24-11),116.73,30.77,71.08,87.78,47.66,30.42,36.81,22.54,42.78,34.82,60.28,16.26,20.71,8.25,34.65,25.67,39.67,1.950,0.860
53,Nebraska (21-14),115.75,30.70,75.56,85.52,47.01,33.66,36.06,18.62,38.79,33.25,62.71,12.02,16.25,7.73,39.35,21.77,38.87,2.005,0.857
54,Boise State (26-11),119.73,31.81,78.85,88.21,46.85,36.57,32.79,16.95,39.25,34.69,65.40,10.93,14.99,6.63,41.46,19.22,39.32,2.021,0.854
55,Drake (31-4),115.25,32.69,70.58,85.61,47.00,31.88,36.69,19.49,34.91,34.24,63.48,9.85,14.63,6.18,37.24,22.77,39.99,1.972,0.851
56,USC (17-18),117.76,30.06,73.74,85.39,49.37,29.75,37.95,22.00,42.57,33.64,63.90,11.85,14.73,7.68,34.84,25.76,39.40,1.954,0.848
57,Utah State (26-8),121.38,31.73,70.24,89.59,47.97,36.49,36.04,14.10,40.48,39.00,61.83,17.61,17.52,8.46,40.73,15.74,43.53,1.972,0.846
58,Kansas State (16-17),112.57,25.76,70.06,90.41,45.97,34.10,33.42,19.81,36.89,36.49,62.63,14.06,16.44,7.04,37.72,21.92,40.36,1.974,0.843
59,San Diego State (21-10),111.49,29.03,66.53,89.36,45.00,35.03,33.53,21.47,40.16,32.86,60.39,15.86,15.71,7.31,39.20,24.03,36.78,2.024,0.840
60,UCF (20-17),118.46,30.53,78.26,90.05,45.46,36.11,35.18,19.00,38.92,34.94,59.63,15.49,17.46,7.54,40.10,21.10,38.81,2.013,0.837
61,Pittsburgh (17-15),116.92,30.34,79.15,88.61,45.29,36.34,34.81,22.42,40.29,29.85,61.79,14.98,14.92,6.53,41.01,25.30,33.69,2.073,0.835
62,Santa Clara (21-13),117.40,24.91,74.02,88.54,47.06,40.12,38.96,10.24,37.53,38.19,58.13,10.99,16.27,6.67,45.31,11.56,43.13,2.022,0.832
63,Wake Forest (21-11),110.77,32.21,77.00,84.42,45.76,29.07,29.92,24.89,45.74,30.46,60.91,12.05,15.34,6.08,34.44,29.49,36.08,1.984,0.829
64,McNeese (28-7),115.19,30.12,69.86,91.21,45.51,32.06,34.75,20.58,38.10,38.56,58.41,16.84,17.18,8.08,35.15,22.57,42.28,1.929,0.826
65,Memphis (29-6),113.56,31.95,69.03,85.58,47.38,28.47,36.56,23.92,40.04,33.18,61.94,15.70,19.41,9.41,33.27,27.96,38.77,1.945,0.824
66,Iowa (17-16),120.59,24.88,70.47,89.21,49.96,35.45,39.26,20.86,42.53,32.90,66.19,12.72,12.30,5.88,39.73,23.39,36.88,2.029,0.821
67,South Carolina (12-20),113.62,34.06,71.47,85.15,45.75,33.08,34.36,17.65,34.56,34.42,62.44,10.56,15.66,7.11,38.84,20.73,40.43,1.984,0.818
68,Arizona State (13-20),115.60,31.41,72.80,85.81,46.62,34.72,36.67,19.92,40.50,31.17,61.60,11.87,14.34,6.21,40.46,23.21,36.33,2.041,0.815
69,TCU (16-16),110.79,30.56,64.68,91.35,44.40,30.74,32.20,23.19,37.80,37.42,58.52,17.03,19.75,8.29,33.65,25.39,40.96,1.927,0.813
70,Liberty (28-7),112.16,23.71,66.01,84.24,48.49,37.98,39.03,10.79,33.49,35.47,63.17,11.33,9.06,4.16,45.08,12.81,42.10,2.030,0.810
71,Butler (15-20),118.73,29.84,74.58,86.61,47.69,36.94,37.55,19.00,44.26,30.67,62.02,9.04,12.60,6.58,42.66,21.94,35.41,2.072,0.807
72,Rutgers (15-17),117.00,32.25,71.43,88.42,46.77,31.57,35.65,24.65,39.92,32.20,62.92,13.77,18.64,8.04,35.70,27.88,36.42,1.993,0.804
73,Yale (22-8),115.27,28.14,73.48,89.86,46.28,30.61,37.32,23.98,41.36,35.26,57.40,9.19,13.73,5.71,34.07,26.69,39.24,1.948,0.802
74,North Texas (27-9),111.11,29.75,77.00,87.25,44.07,31.41,35.96,27.50,39.52,28.34,57.49,11.69,15.27,5.74,36.00,31.51,32.49,2.035,0.799
75,San Francisco (25-10),112.81,28.80,71.81,87.50,45.22,37.94,34.25,19.50,39.88,30.06,62.53,12.14,14.00,5.57,43.36,22.29,34.35,2.090,0.796
76,Saint Joe's (22-13),111.22,28.00,73.61,88.40,43.63,40.40,33.36,16.48,37.84,31.51,59.81,12.24,15.54,5.41,45.71,18.65,35.65,2.101,0.793
77,Dayton (23-11),116.00,30.89,75.20,86.88,45.62,36.95,36.53,15.57,34.48,34.36,60.44,14.20,14.56,5.41,42.53,17.92,39.54,2.030,0.791
78,Utah (16-17),111.36,31.66,64.43,86.98,45.44,36.06,33.05,15.59,33.49,35.32,63.37,15.01,19.41,8.02,41.46,17.92,40.61,2.009,0.788
79,Minnesota (15-17),111.77,28.78,66.00,89.15,46.05,30.94,34.46,22.77,40.26,35.44,59.89,10.78,18.40,8.97,34.70,25.55,39.75,1.950,0.785
80,Georgetown (18-16),111.12,25.38,71.05,90.25,44.60,36.33,34.63,20.58,34.78,33.34,61.53,14.49,20.19,7.75,40.25,22.81,36.94,2.033,0.782
81,Nevada (17-16),113.49,30.46,69.42,86.12,47.66,30.72,33.38,26.65,45.77,28.75,64.66,11.66,12.34,5.48,35.67,30.94,33.39,2.023,0.780
82,LSU (14-18),110.32,28.13,71.59,86.85,45.32,36.48,31.40,17.09,44.80,33.28,60.85,13.25,16.16,7.95,42.01,19.67,38.32,2.037,0.774
83,UC Irvine (32-7),109.17,27.87,80.23,84.48,45.17,29.66,35.36,22.04,36.16,32.79,60.11,10.36,14.89,7.14,35.11,26.09,38.81,1.963,0.774
84,Arkansas State (25-11),113.00,28.52,72.81,91.80,43.20,38.49,33.57,15.32,32.26,37.99,57.36,13.73,18.45,6.96,41.93,16.68,41.38,2.006,0.771
85,Stanford (21-14),113.84,26.13,79.62,89.97,44.51,36.44,35.49,23.52,36.61,30.01,61.67,12.95,15.30,5.89,40.51,26.14,33.35,2.072,0.771
86,Colorado (14-21),110.68,29.05,75.04,84.55,46.43,30.63,33.86,18.73,42.91,35.19,59.25,12.63,14.32,7.31,36.22,22.15,41.62,1.946,0.766
87,George Mason (27-9),108.41,32.69,70.95,81.85,45.29,30.98,35.75,18.46,35.66,32.41,59.89,13.44,14.42,6.67,37.85,22.56,39.59,1.983,0.763
88,High Point (29-6),117.37,29.28,75.69,88.49,46.65,34.88,36.28,25.25,47.12,28.36,58.97,11.26,15.22,7.31,39.41,28.54,32.05,2.074,0.760
89,UNLV (18-15),109.34,30.21,71.83,87.33,44.74,28.87,32.89,23.80,39.31,34.66,58.34,14.28,13.55,6.12,33.06,27.25,39.69,1.934,0.758
90,Bradley (28-9),112.20,25.19,74.12,84.97,46.67,36.56,38.90,22.85,40.79,25.56,63.05,12.01,11.43,4.94,43.03,26.89,30.08,2.129,0.755
91,Florida State (17-15),110.44,32.87,71.90,84.33,45.97,27.87,33.27,24.33,37.23,32.13,63.58,12.99,15.79,7.58,33.04,28.85,38.10,1.949,0.752
92,Providence (12-20),113.55,26.90,68.40,87.90,45.57,40.00,37.62,16.47,37.64,31.43,59.83,10.08,16.35,7.68,45.51,18.74,35.75,2.098,0.749
93,Oklahoma State (17-18),110.37,32.41,71.95,84.23,45.57,28.50,36.07,21.41,39.48,34.32,57.26,16.81,14.47,6.38,33.84,25.42,40.74,1.931,0.744
94,Northern Iowa (20-13),110.86,27.66,68.59,85.17,46.92,31.91,37.49,17.98,38.15,35.27,59.92,9.92,13.13,6.14,37.47,21.11,41.42,1.961,0.744
95,Oregon State (20-13),116.99,32.01,78.31,84.98,47.66,30.42,35.90,22.85,39.59,31.71,64.76,10.89,14.67,6.28,35.80,26.89,37.31,1.985,0.741
96,Notre Dame (15-18),112.24,29.50,73.65,87.44,45.30,32.53,34.72,24.93,39.59,29.98,61.53,9.36,13.40,6.13,37.20,28.51,34.29,2.029,0.741
97,UAB (24-13),117.24,29.56,76.35,93.74,45.30,28.32,34.46,28.21,34.18,37.21,61.97,15.16,20.45,8.57,30.21,30.09,39.70,1.905,0.736
98,Grand Canyon (26-8),109.70,32.28,73.56,85.15,44.94,30.61,30.76,17.68,39.68,36.86,59.24,14.20,15.59,6.64,35.95,20.77,43.29,1.927,0.733
99,Chattanooga (29-9),118.69,24.70,78.79,88.63,47.62,40.33,36.75,17.64,44.16,30.66,63.90,12.74,12.39,5.42,45.50,19.90,34.60,2.109,0.730
100,Akron (28-7),115.41,23.94,74.84,91.30,45.72,38.89,36.03,20.80,40.90,31.61,60.80,15.05,14.14,5.09,42.59,22.79,34.62,2.080,0.727
101,Loyola-Chicago (25-12),110.33,26.69,68.42,86.65,45.53,38.53,34.20,17.97,41.14,30.15,62.61,10.95,13.88,5.82,44.47,20.74,34.79,2.097,0.725
102,Troy (23-11),107.85,29.78,72.18,88.23,42.21,38.62,30.76,11.83,32.35,37.77,57.00,16.70,16.94,6.07,43.77,13.41,42.81,2.010,0.722
103,Illinois State (22-14),114.25,26.96,74.69,85.26,46.73,39.33,36.67,18.90,42.74,27.04,64.16,9.12,11.88,5.84,46.12,22.16,31.71,2.144,0.719
104,Virginia (15-17),112.08,25.01,74.50,86.76,45.96,35.65,38.45,22.37,39.12,28.74,60.59,8.80,12.08,6.48,41.09,25.78,33.13,2.080,0.716
105,Cornell (18-11),119.61,25.42,77.22,85.63,48.80,42.25,38.82,13.06,45.51,30.32,64.12,12.52,11.82,5.57,49.34,15.25,35.40,2.139,0.713
106,Washington (13-18),110.04,30.08,68.88,84.04,46.51,29.98,37.18,23.43,38.77,30.63,61.57,11.53,14.75,6.63,35.67,27.88,36.45,1.992,0.711
107,Georgia Tech (17-17),108.09,27.34,70.06,87.59,44.27,32.65,34.87,22.81,36.30,32.13,59.48,11.37,15.86,6.22,37.28,26.04,36.69,2.006,0.708
108,DePaul (14-20),111.41,24.45,72.87,87.03,45.90,39.80,34.43,17.45,36.72,29.78,66.59,11.48,12.35,5.63,45.73,20.05,34.22,2.115,0.705
109,Jacksonville St. (23-13),110.41,28.19,74.35,88.53,44.02,32.52,35.41,25.48,36.07,30.53,59.82,8.69,14.85,5.86,36.73,28.79,34.48,2.022,0.702
110,NC State (12-19),109.37,28.99,72.74,90.06,42.82,32.89,33.88,24.84,34.33,32.33,58.45,13.38,13.16,5.65,36.52,27.58,35.89,2.006,0.700
111,MTSU (22-12),110.83,27.94,68.66,87.88,45.46,34.56,33.96,18.86,36.98,34.47,61.64,11.35,17.05,7.41,39.32,21.46,39.22,2.001,0.694
112,N. Colorado (25-10),113.27,26.25,72.84,85.90,47.81,32.51,36.92,18.22,40.58,35.17,61.63,10.98,11.58,5.53,37.85,21.21,40.95,1.969,0.694
113,St. Thomas (24-10),114.11,26.26,77.60,86.68,45.67,39.51,36.86,16.30,41.51,30.87,59.13,10.43,9.41,4.22,45.58,18.80,35.62,2.100,0.694
114,California (14-19),110.65,32.60,74.21,89.84,42.40,32.92,31.22,22.86,35.40,34.06,57.90,13.85,21.79,9.28,36.64,25.45,37.91,1.987,0.689
115,Belmont (22-11),113.05,22.79,70.92,89.21,45.63,40.01,38.69,19.48,38.44,29.73,59.67,13.54,15.19,6.85,44.85,21.83,33.32,2.115,0.686
116,Kent State (24-12),108.18,27.22,74.78,91.88,41.91,33.84,31.91,24.82,34.12,33.22,57.92,12.36,17.80,6.62,36.83,27.02,36.16,2.007,0.680
117,Syracuse (14-19),111.96,28.52,69.61,87.46,46.72,29.54,35.14,24.09,40.34,33.83,61.38,9.77,14.96,6.86,33.77,27.55,38.68,1.951,0.678
118,Saint Louis (19-15),110.50,23.59,68.70,83.18,47.64,42.33,35.53,9.27,46.28,31.58,64.27,9.76,10.16,4.93,50.88,11.15,37.97,2.129,0.678
119,St. Bonaventure (22-12),106.68,24.99,73.13,88.39,44.26,32.60,31.18,27.91,42.33,27.88,61.50,14.56,14.20,5.94,36.88,31.58,31.54,2.053,0.678
120,UNC Wilmington (27-8),113.21,28.69,76.20,88.70,45.29,32.87,33.44,26.13,39.78,29.71,63.25,10.13,16.24,6.47,37.05,29.45,33.50,2.036,0.672
121,Lipscomb (25-10),111.06,26.35,79.32,85.44,44.73,39.55,34.72,18.54,40.47,27.36,62.07,12.56,10.86,4.75,46.29,21.70,32.02,2.143,0.669
122,FAU (18-16),112.72,29.05,69.87,87.79,45.69,34.43,35.43,16.61,36.34,36.75,59.53,11.98,16.84,6.75,39.22,18.92,41.86,1.974,0.667
123,CSU Northridge (22-11),109.86,28.43,73.08,87.10,45.86,26.77,34.34,22.95,40.58,37.38,57.36,13.89,19.15,7.56,30.74,26.35,42.91,1.878,0.667
124,Washington St. (19-15),113.16,26.42,70.58,83.88,48.89,33.92,36.85,16.40,40.86,33.55,64.99,11.86,14.56,6.78,40.44,19.55,40.01,2.004,0.661
125,North Alabama (24-11),112.78,29.03,71.13,92.87,43.65,32.54,33.96,23.88,36.95,36.45,56.69,12.88,17.90,6.86,35.04,25.71,39.25,1.958,0.658
126,South Alabama (21-11),109.45,26.63,70.78,89.71,43.58,38.83,31.96,15.66,33.67,35.22,60.80,16.00,12.60,5.71,43.29,17.45,39.26,2.040,0.656
127,G. Washington (21-13),108.21,32.71,69.64,83.79,44.31,34.63,32.26,13.28,38.99,35.88,57.91,16.35,15.50,7.00,41.33,15.84,42.82,1.985,0.653
128,South Dakota St. (20-12),111.33,25.37,75.46,89.63,44.52,35.87,34.55,21.77,42.42,31.98,57.13,7.81,14.65,6.50,40.02,24.29,35.69,2.043,0.650
129,Robert Morris (26-9),109.97,29.31,71.82,88.38,43.91,33.29,33.99,20.79,35.63,34.30,58.55,12.16,16.77,6.32,37.67,23.52,38.81,1.989,0.645
130,New Mexico St. (17-15),106.31,28.49,67.48,92.10,41.50,32.99,32.25,28.08,33.22,31.04,58.83,12.42,16.33,5.68,35.82,30.49,33.70,2.021,0.645
131,Murray State (16-17),107.63,32.39,73.18,84.71,42.48,34.12,35.04,14.68,30.69,35.92,54.37,10.37,13.81,4.95,40.28,17.32,42.40,1.979,0.645
132,LA Tech (20-12),108.61,26.42,74.80,84.31,45.80,33.09,35.12,15.41,41.15,35.81,57.67,11.22,13.82,7.72,39.24,18.28,42.48,1.968,0.639
133,Loyola Marymount (17-15),106.78,23.62,71.94,87.49,44.48,34.53,34.63,25.04,40.86,27.92,59.91,10.62,12.17,5.44,39.47,28.62,31.91,2.076,0.636
134,Duquesne (13-19),108.01,27.21,63.55,88.59,43.73,38.80,34.13,22.23,39.31,27.56,60.81,13.56,16.06,5.29,43.80,25.09,31.11,2.127,0.631
135,Utah Valley (25-9),106.53,32.45,69.02,85.67,43.63,29.18,32.16,19.40,33.99,37.09,57.68,10.88,15.57,6.72,34.06,22.64,43.30,1.908,0.631
136,Tulane (19-15),110.33,28.67,74.91,86.41,44.97,32.81,33.91,20.68,38.43,32.92,60.11,14.50,14.91,7.04,37.97,23.93,38.10,1.999,0.628
137,Bryant (23-12),108.03,25.61,72.31,90.44,43.45,33.27,32.81,25.58,34.34,31.59,62.04,10.76,17.97,8.43,36.78,28.29,34.93,2.019,0.625
138,Kennesaw State (19-14),109.05,30.97,73.33,84.43,43.93,36.66,33.14,15.52,39.02,32.26,58.56,11.59,15.37,6.18,43.41,18.38,38.20,2.052,0.625
139,Samford (22-11),111.94,24.88,72.26,88.67,44.67,40.74,36.19,14.74,37.39,33.19,58.31,19.33,14.84,5.91,45.95,16.62,37.44,2.085,0.620
140,Omaha (22-13),112.34,29.26,72.88,88.49,44.59,34.67,34.89,22.36,38.29,31.45,59.77,10.28,14.12,4.68,39.18,25.27,35.55,2.036,0.617
141,Montana (25-10),112.16,26.88,75.62,84.23,48.06,30.83,35.29,19.34,39.71,34.06,64.36,10.84,11.62,5.29,36.60,22.96,40.44,1.962,0.614
142,North Dakota St. (21-11),115.62,23.84,79.00,88.71,44.70,45.25,38.63,16.25,34.46,27.21,60.90,5.81,10.89,3.57,51.01,18.32,30.67,2.203,0.609
143,Milwaukee (21-11),108.13,31.09,68.39,88.13,44.41,28.55,30.10,20.44,42.56,39.14,55.82,13.10,21.56,8.49,32.39,23.19,44.41,1.880,0.609
144,Virginia Tech (13-19),107.38,26.77,71.49,84.97,44.93,34.04,34.91,23.39,37.55,27.54,63.59,10.14,15.60,6.54,40.06,27.53,32.41,2.076,0.609
145,UCSB (21-13),110.36,24.09,77.73,86.03,45.05,38.26,36.91,18.22,36.81,29.54,60.68,11.18,11.74,4.63,44.48,21.18,34.34,2.101,0.603
146,Wofford (19-16),113.11,27.70,66.36,89.56,44.47,42.54,35.43,14.85,32.89,32.18,61.77,11.13,16.63,6.19,47.49,16.58,35.93,2.116,0.601
147,Miami (OH) (25-9),109.80,23.74,72.18,88.17,44.47,38.14,37.37,21.39,38.27,28.64,58.55,12.40,12.92,5.22,43.25,24.26,32.48,2.108,0.598
148,Furman (25-10),109.53,25.52,68.52,87.25,43.89,42.99,35.98,15.05,34.73,29.20,60.25,9.51,14.50,5.77,49.28,17.26,33.47,2.158,0.595
149,UC Riverside (21-13),110.22,25.05,77.09,91.13,43.13,36.47,33.74,26.45,38.75,28.21,59.38,10.06,14.64,5.64,40.02,29.03,30.95,2.091,0.592
150,Wichita State (19-15),106.40,28.76,72.20,88.23,44.02,25.53,31.17,25.93,39.07,36.76,56.45,11.33,17.38,8.18,28.94,29.39,41.67,1.873,0.590
151,UNCG (20-12),107.28,24.88,73.36,89.68,42.39,37.26,34.90,24.03,37.06,28.39,56.72,9.70,12.69,4.76,41.55,26.79,31.66,2.099,0.587
152,Charleston (24-9),107.06,27.84,70.42,84.94,44.30,34.28,35.59,20.35,35.82,30.32,59.84,12.26,12.63,5.17,40.36,23.95,35.69,2.047,0.584
153,Davidson (17-16),110.07,25.40,75.44,87.72,44.87,36.74,33.17,19.39,37.53,31.59,63.00,8.84,11.99,5.13,41.88,22.11,36.01,2.059,0.581
154,Radford (20-13),109.15,31.44,75.91,85.65,43.25,31.67,35.35,22.42,37.01,31.56,55.62,8.66,15.68,6.01,36.98,26.18,36.84,2.001,0.579
155,Ohio (16-16),109.31,27.91,76.96,86.28,44.24,33.97,33.79,19.97,39.17,32.33,58.36,14.19,12.92,5.24,39.37,23.15,37.48,2.019,0.576
156,Indiana State (14-18),111.94,28.52,76.27,82.66,45.60,40.79,36.29,7.53,33.25,34.34,59.36,10.80,10.78,5.16,49.34,9.11,41.55,2.078,0.570
157,JMU (20-12),110.73,26.38,76.71,89.73,42.91,39.21,34.43,20.39,37.80,30.14,57.39,12.26,16.68,6.31,43.69,22.72,33.59,2.101,0.570
158,Seattle (14-18),103.25,33.44,71.04,87.16,39.93,32.55,30.36,19.07,30.73,35.53,53.64,13.87,17.22,5.35,37.35,21.88,40.77,1.966,0.570
159,URI (18-13),109.31,32.05,70.00,82.28,45.94,32.55,34.67,13.69,36.71,36.03,59.62,11.36,13.95,6.68,39.56,16.64,43.80,1.958,0.565
160,UTEP (18-15),106.45,29.97,71.24,85.07,43.78,29.79,35.63,21.34,32.80,33.95,57.83,16.99,12.35,5.63,35.01,25.09,39.90,1.951,0.559
161,UTSA (12-19),109.09,26.32,78.47,88.07,42.43,37.67,36.38,21.53,36.25,28.86,54.93,19.42,13.44,4.93,42.78,24.45,32.77,2.100,0.556
162,UIC (17-14),108.23,28.84,71.66,86.54,43.62,34.85,34.66,20.99,38.43,30.70,57.33,11.21,14.56,5.59,40.27,24.25,35.48,2.048,0.556
163,Winthrop (23-11),108.35,33.97,66.55,83.58,44.76,32.11,34.03,11.85,36.37,39.62,55.96,12.69,15.90,6.02,38.42,14.17,47.41,1.910,0.554
164,Cleveland State (23-13),106.53,25.85,72.63,90.19,43.35,29.81,32.08,26.68,39.33,33.70,56.50,13.36,17.30,6.49,33.05,29.58,37.37,1.957,0.551
165,Fort Wayne (19-13),108.71,22.85,74.68,88.09,44.26,39.66,34.45,22.90,44.04,25.53,59.69,17.08,11.81,4.04,45.02,25.99,28.98,2.160,0.551
166,ETSU (19-13),107.09,28.33,66.61,89.58,42.05,37.28,34.57,20.32,33.54,31.98,56.18,12.90,16.99,6.52,41.61,22.69,35.70,2.059,0.545
167,Marshall (20-13),107.18,27.24,69.49,88.28,43.55,33.74,33.68,26.34,37.41,28.21,61.09,9.44,14.91,5.73,38.22,29.83,31.95,2.063,0.543
168,Nicholls (20-13),106.22,28.76,69.33,89.60,42.01,31.30,35.09,21.23,33.62,37.07,52.67,14.88,12.90,4.64,34.93,23.69,41.37,1.936,0.540
169,Towson (22-11),107.74,25.82,68.11,92.78,41.96,35.65,34.50,24.72,37.38,32.41,53.65,12.84,16.58,5.81,38.42,26.64,34.94,2.035,0.537
170,Boston College (12-19),109.01,27.32,73.02,88.09,44.43,30.20,35.70,27.28,39.38,30.61,57.54,9.99,16.10,6.93,34.28,30.97,34.75,1.995,0.534
171,Sam Houston (13-19),110.29,29.28,73.44,84.74,44.90,31.57,40.23,22.78,35.05,30.38,57.13,11.44,14.72,5.84,37.26,26.89,35.86,2.014,0.532
172,Cal Poly (16-19),111.22,20.69,76.63,85.52,46.70,41.95,36.90,10.15,35.99,33.42,62.27,13.57,12.27,5.74,49.06,11.87,39.08,2.100,0.532
173,Dartmouth (14-14),103.27,25.61,76.17,84.86,41.49,40.01,33.35,14.57,34.81,30.28,55.45,10.39,11.42,4.13,47.14,17.17,35.68,2.115,0.523
174,Texas A&M-CC (20-14),106.69,29.22,61.34,86.90,46.12,25.53,33.71,22.60,37.55,38.76,59.30,13.91,14.47,6.73,29.38,26.01,44.60,1.848,0.521
175,Valparaiso (15-19),108.79,27.37,79.33,89.36,41.91,35.43,34.35,25.86,36.72,28.08,56.24,8.57,13.27,5.12,39.64,28.94,31.42,2.082,0.521
176,W. Kentucky (17-15),103.35,25.33,72.33,87.02,42.41,33.47,33.53,22.80,34.05,30.74,58.29,15.06,12.37,5.79,38.46,26.21,35.33,2.031,0.521
177,Temple (17-15),110.59,36.19,72.96,84.53,44.16,26.57,35.88,23.40,36.03,34.56,56.04,10.61,16.21,6.72,31.43,27.68,40.89,1.905,0.515
178,ECU (19-14),108.38,27.96,72.94,89.87,43.12,31.91,32.87,22.92,36.63,35.05,56.70,14.31,15.00,5.67,35.50,25.50,39.00,1.965,0.515
179,San Jose State (15-20),106.52,25.57,74.18,87.33,43.32,33.98,34.99,21.00,36.19,32.35,56.69,13.09,12.92,4.86,38.91,24.04,37.04,2.019,0.510
180,Montana State (15-18),105.41,23.96,72.82,86.20,44.07,36.43,32.90,18.41,36.45,31.36,61.52,10.20,10.38,4.30,42.26,21.36,36.38,2.059,0.507
181,Cal Baptist (17-15),105.26,24.38,75.25,90.21,42.29,32.43,32.69,21.88,36.88,35.90,54.27,11.63,16.65,6.65,35.95,24.25,39.80,1.962,0.504
182,Princeton (19-11),105.43,22.67,72.55,88.18,41.85,43.74,34.72,13.03,34.99,31.41,54.61,10.73,11.86,3.70,49.60,14.77,35.62,2.140,0.501
183,Lamar (20-13),102.60,24.40,70.02,91.74,40.98,30.09,34.28,28.16,32.03,33.49,54.53,13.11,19.38,6.93,32.80,30.70,36.51,1.963,0.499
184,E. Kentucky (18-14),110.95,24.48,77.66,93.83,41.73,39.27,34.69,31.65,37.71,22.91,59.35,14.79,18.01,5.96,41.86,33.73,24.42,2.174,0.496
185,SE Louisiana (18-14),106.74,28.89,74.73,88.01,43.30,28.18,31.69,30.02,38.86,29.82,58.73,13.19,14.86,6.18,32.02,34.11,33.88,1.981,0.490
186,SE Missouri St. (21-12),103.91,23.23,72.15,86.84,44.32,30.67,33.13,29.48,41.83,26.69,59.93,13.29,9.56,3.60,35.31,33.95,30.74,2.046,0.490
187,S. Carolina St. (20-13),102.90,30.01,69.73,85.12,42.44,27.43,35.39,24.73,32.19,32.96,56.00,14.34,16.38,6.12,32.23,29.05,38.72,1.935,0.488
188,Oakland (16-18),108.00,26.03,69.78,90.09,43.19,38.01,31.64,19.96,38.07,32.12,60.03,11.08,16.62,6.56,42.19,22.15,35.66,2.065,0.488
189,Youngstown St. (21-13),105.63,28.97,73.73,86.98,41.32,39.47,31.39,18.36,38.08,29.15,56.80,14.49,13.41,5.71,45.38,21.11,33.51,2.119,0.479
190,Norfolk State (24-11),108.03,27.80,75.28,87.51,45.63,23.76,30.45,26.25,42.37,37.51,57.52,13.00,14.61,6.53,27.15,29.99,42.86,1.843,0.477
191,Miami (7-24),111.69,24.31,75.30,89.27,46.09,34.22,32.45,24.93,41.96,30.11,65.01,13.69,13.74,6.17,38.34,27.93,33.73,2.046,0.477
192,Appalachian St. (17-14),100.89,26.38,64.63,86.31,41.64,35.67,33.51,17.90,36.45,32.74,53.35,9.09,13.03,5.37,41.32,20.74,37.93,2.034,0.474
193,Drexel (18-15),105.77,21.01,69.59,89.42,44.41,33.28,35.25,27.54,41.20,28.60,58.16,7.61,12.29,4.22,37.22,30.80,31.98,2.052,0.471
194,USF (13-19),104.55,30.21,71.59,84.96,43.18,30.82,31.00,20.45,36.29,33.70,58.49,17.33,12.80,3.90,36.27,24.07,39.66,1.966,0.468
195,Rice (13-19),106.97,33.93,68.16,87.68,41.71,32.04,33.39,26.63,36.11,29.00,56.04,8.74,17.58,6.18,36.55,30.38,33.08,2.035,0.468
196,FGCU (19-15),106.69,21.50,69.25,89.74,44.70,34.31,33.73,19.70,39.84,35.74,57.90,10.96,15.16,6.70,38.23,21.95,39.82,1.984,0.463
197,Texas State (16-16),109.68,28.44,77.35,87.65,44.93,24.86,35.88,25.47,35.60,37.33,57.33,13.70,16.71,7.55,28.36,29.06,42.58,1.858,0.460
198,Merrimack (18-15),101.49,21.32,71.71,89.36,41.14,38.93,32.55,21.17,35.31,29.26,56.81,19.06,8.86,2.70,43.56,23.69,32.74,2.108,0.457
199,Cent. Conn. St. (25-7),101.67,20.13,73.20,87.47,43.76,31.52,32.96,24.19,39.61,31.76,57.64,13.74,11.22,4.84,36.03,27.66,36.31,1.997,0.452
200,Missouri State (9-23),102.59,26.81,65.03,83.50,43.81,32.43,37.02,23.17,32.27,27.89,61.28,11.80,13.14,6.05,38.85,27.76,33.40,2.054,0.452
201,Hampton (17-16),105.17,26.56,70.86,91.81,41.21,33.20,32.18,30.71,37.03,27.91,56.56,11.95,16.65,5.86,36.16,33.45,30.40,2.058,0.449
202,Cent. Michigan (14-17),106.24,28.52,72.92,87.72,43.52,29.29,31.02,22.48,34.01,35.95,59.65,13.68,17.56,7.51,33.39,25.62,40.99,1.924,0.446
203,Wyoming (12-20),103.25,24.89,64.67,87.34,43.46,33.56,33.48,24.19,39.31,29.58,58.19,8.27,16.64,6.55,38.43,27.70,33.87,2.046,0.446
204,S. Illinois (14-19),106.41,27.63,67.75,84.65,45.26,30.34,36.46,18.56,31.66,35.75,59.79,10.89,14.59,6.41,35.84,21.92,42.23,1.936,0.444
205,Wright State (15-18),110.56,22.21,70.62,87.74,47.03,33.32,37.06,20.92,40.96,33.49,60.74,11.06,13.08,5.08,37.98,23.84,38.17,1.998,0.435
206,Seton Hall (7-25),99.98,27.28,65.20,86.44,42.02,29.14,32.78,21.98,32.02,35.32,55.86,14.73,19.63,7.19,33.71,25.43,40.86,1.929,0.435
207,UNC Asheville (21-11),109.47,28.04,71.98,88.68,44.19,32.60,33.45,29.21,41.84,26.87,59.78,12.20,14.56,5.91,36.76,32.93,30.30,2.065,0.435
208,Portland State (19-13),101.06,23.71,63.98,89.84,42.78,30.21,29.85,19.83,28.83,39.80,59.55,12.17,17.46,7.18,33.62,22.07,44.30,1.893,0.430
209,Evansville (11-21),100.18,25.41,70.66,83.93,42.33,34.49,32.40,18.72,32.43,30.71,59.53,8.24,10.79,4.85,41.10,22.31,36.59,2.045,0.427
210,Pepperdine (13-22),106.84,27.21,71.53,86.72,44.45,30.46,33.78,25.00,35.52,31.26,61.98,12.53,15.26,6.81,35.12,28.83,36.05,1.991,0.424
211,Incarnate Word (19-17),107.24,25.82,69.44,90.38,43.74,30.89,33.21,29.96,41.33,29.53,57.19,12.25,18.34,8.12,34.18,33.15,32.67,2.015,0.421
212,Northeastern (17-15),104.47,23.81,68.58,88.18,43.91,31.37,34.13,20.99,32.23,35.82,59.31,13.04,15.47,6.81,35.58,23.80,40.62,1.950,0.419
213,Jacksonville (19-14),103.48,25.03,67.52,88.17,43.05,30.36,35.17,24.41,38.38,33.40,53.62,14.37,16.44,7.38,34.43,27.68,37.88,1.965,0.416
214,Brown (14-13),103.78,25.82,63.44,87.57,43.13,35.91,33.03,21.57,42.10,30.08,55.92,12.05,13.71,4.92,41.01,24.64,34.35,2.067,0.410
215,N. Kentucky (17-16),105.46,25.72,66.73,90.37,42.47,35.53,32.47,25.73,41.06,29.11,55.92,14.41,15.91,6.14,39.32,28.47,32.22,2.071,0.410
216,Tennessee St. (17-16),104.74,30.58,68.89,82.03,45.35,27.66,33.54,22.79,37.66,31.58,61.23,12.09,17.36,6.96,33.72,27.79,38.50,1.952,0.408
217,SIUE (22-12),103.54,27.29,67.54,87.94,42.43,31.89,32.89,23.78,34.79,32.26,57.48,11.57,14.79,5.14,36.27,27.05,36.69,1.996,0.405
218,Quinnipiac (20-13),104.61,27.66,76.37,87.97,41.73,33.15,30.38,23.83,38.91,30.99,56.03,13.76,17.82,7.12,37.68,27.09,35.23,2.025,0.402
219,Queens (20-15),106.54,28.38,69.22,85.45,43.74,35.51,34.21,16.39,33.95,33.54,58.60,10.77,13.54,5.32,41.56,19.18,39.26,2.023,0.402
220,Little Rock (19-14),100.58,23.46,70.43,85.87,43.34,26.73,36.00,31.44,33.25,27.70,61.89,14.02,14.44,6.78,31.13,36.61,32.26,1.989,0.397
221,Northwestern St. (16-16),103.06,26.16,69.04,87.32,42.39,30.65,35.79,25.98,35.68,30.69,54.66,11.89,15.91,5.54,35.10,29.75,35.15,2.000,0.394
222,UMass (12-20),103.45,30.24,67.49,91.84,40.30,30.85,29.19,25.26,34.94,35.73,53.69,13.81,18.35,6.17,33.59,27.51,38.91,1.947,0.391
223,Harvard (12-15),103.37,22.10,78.69,85.99,43.32,35.15,32.68,21.84,40.11,29.00,58.63,12.66,10.73,4.58,40.87,25.40,33.73,2.071,0.386
224,Hawaii (15-16),104.10,29.01,75.31,82.68,44.34,29.03,30.76,19.19,36.21,34.46,60.31,5.74,13.92,6.11,35.12,23.20,41.68,1.934,0.386
225,Bucknell (18-15),105.45,27.55,66.42,83.16,45.06,34.77,35.10,14.02,28.70,34.36,61.82,11.10,12.51,4.59,41.81,16.86,41.32,2.005,0.380
226,Delaware (16-20),110.07,23.84,78.50,85.03,46.44,33.00,37.51,16.82,36.41,35.21,59.61,11.83,10.08,3.83,38.81,19.78,41.41,1.974,0.380
227,Longwood (18-14),106.68,34.09,72.31,83.06,43.71,28.26,33.29,21.06,37.10,33.74,56.57,12.54,13.61,5.54,34.02,25.36,40.62,1.934,0.377
228,UTRGV (16-15),106.05,19.47,71.60,89.91,43.69,41.69,32.48,20.43,40.49,27.79,62.86,15.37,13.34,5.61,46.37,22.72,30.91,2.155,0.375
229,Maine (20-14),100.46,23.41,72.67,83.93,43.62,30.04,34.05,24.38,38.51,29.52,57.58,15.16,9.63,3.54,35.79,29.04,35.17,2.006,0.372
230,Elon (17-16),107.57,30.11,75.68,85.12,42.72,35.09,34.36,22.13,37.37,27.90,57.48,9.48,16.59,7.53,41.22,26.00,32.78,2.084,0.372
231,Manhattan (17-14),109.69,26.50,77.25,91.07,41.97,38.07,33.57,24.11,36.69,28.89,57.44,11.54,16.45,6.06,41.81,26.47,31.72,2.101,0.366
232,Richmond (10-22),103.75,23.36,80.55,85.73,42.07,39.23,32.67,24.10,37.86,22.40,63.05,7.68,9.38,3.19,45.76,28.11,26.13,2.196,0.366
233,Kansas City (13-20),101.53,25.16,76.27,88.41,39.60,37.70,32.68,29.23,36.97,21.48,55.30,9.82,15.99,6.32,42.64,33.07,24.29,2.183,0.361
234,Toledo (18-15),111.76,30.51,76.42,90.38,44.19,26.51,32.28,29.93,39.27,33.94,57.83,10.82,16.74,6.91,29.34,33.12,37.55,1.918,0.358
235,Fordham (12-21),106.87,28.91,71.86,87.65,42.33,36.41,32.68,18.57,37.01,32.67,56.10,12.89,18.16,6.19,41.54,21.19,37.27,2.043,0.355
236,William & Mary (17-15),106.68,26.76,72.45,82.86,43.96,41.27,35.00,10.61,33.04,30.98,59.64,12.68,10.13,4.60,49.80,12.81,37.39,2.124,0.353
237,Hofstra (15-18),98.67,20.46,69.35,87.41,41.29,36.30,33.85,23.95,33.29,27.16,58.31,10.54,13.43,5.06,41.53,27.40,31.07,2.105,0.350
238,La Salle (14-19),103.81,29.24,72.77,88.88,40.63,31.64,32.60,31.93,37.26,25.31,54.92,12.85,16.13,5.87,35.59,35.93,28.48,2.071,0.347
239,Mt. St. Mary's (23-13),101.90,23.69,73.99,84.72,42.54,35.62,34.50,21.84,36.38,27.26,57.97,9.97,10.66,4.35,42.04,25.78,32.18,2.099,0.344
240,Presbyterian (14-19),104.46,25.86,69.39,87.96,43.21,30.36,34.58,28.72,34.99,28.88,60.46,11.93,14.95,6.21,34.52,32.65,32.84,2.017,0.342
241,Idaho State (15-15),107.54,28.39,74.55,93.48,40.70,34.77,29.56,26.95,35.09,31.76,57.66,9.31,19.82,6.98,37.19,28.83,33.98,2.032,0.339
242,Iona (17-17),100.25,24.65,68.63,89.84,40.67,32.34,31.69,25.62,36.66,31.88,53.02,16.42,18.14,5.67,36.00,28.52,35.48,2.005,0.336
243,Campbell (15-17),102.08,23.15,76.26,86.23,42.66,34.24,31.72,19.34,35.19,32.65,58.55,12.72,10.90,3.33,39.71,22.43,37.86,2.019,0.333
244,Abil. Christian (16-16),99.12,25.81,72.13,85.12,43.00,23.54,31.00,26.39,36.86,35.18,55.64,16.40,15.52,6.43,27.66,31.01,41.33,1.863,0.328
245,FIU (10-23),99.41,28.03,69.56,84.75,42.56,25.18,30.90,25.58,34.40,33.99,57.33,15.48,13.47,6.05,29.71,30.18,40.11,1.896,0.328
246,South Dakota (19-14),108.12,35.43,71.81,86.84,41.75,32.98,30.81,19.69,38.56,34.18,54.13,13.57,16.56,6.55,37.97,22.67,39.36,1.986,0.322
247,N. Arizona (18-16),105.70,23.35,66.53,92.36,42.29,35.60,33.82,24.08,33.96,32.68,57.66,11.36,16.38,5.07,38.54,26.07,35.38,2.032,0.322
248,UMass Lowell (17-15),109.73,23.93,77.82,84.54,47.27,31.84,35.11,18.18,38.51,34.51,63.11,10.33,11.16,4.92,37.67,21.51,40.83,1.968,0.317
249,Fresno State (6-26),101.17,28.75,68.20,86.06,41.83,29.27,32.66,21.57,35.11,35.22,53.58,14.26,16.39,6.00,34.01,25.07,40.92,1.931,0.314
250,UT Arlington (13-18),105.79,28.31,63.03,87.09,43.16,37.47,34.09,18.38,35.88,31.25,58.30,11.39,14.43,5.74,43.02,21.10,35.88,2.071,0.314
251,Georgia State (14-19),107.04,25.86,70.00,87.96,44.57,29.89,35.22,26.65,35.69,31.42,61.00,11.81,15.60,6.12,33.98,30.29,35.73,1.983,0.311
252,GA Southern (17-16),103.63,22.06,64.38,89.35,42.33,39.31,35.09,14.03,27.98,36.01,55.81,14.36,18.54,6.56,43.99,15.70,40.30,2.037,0.309
253,Sacred Heart (15-18),105.67,23.15,73.36,90.36,41.50,41.49,33.00,20.55,35.16,28.32,58.55,14.06,13.63,4.98,45.92,22.74,31.34,2.146,0.306
254,UC Davis (15-17),99.34,29.14,73.71,82.88,41.67,27.40,32.09,25.57,35.42,29.91,55.79,12.50,10.50,3.65,33.06,30.85,36.09,1.970,0.306
255,Tulsa (13-20),102.60,26.93,68.86,85.00,43.10,33.84,31.88,20.56,37.27,30.60,59.41,11.35,13.50,5.26,39.81,24.19,36.00,2.038,0.303
256,North Dakota (12-21),107.58,27.29,68.51,90.58,42.56,35.90,32.82,16.21,34.62,38.47,54.99,9.69,21.00,8.45,39.63,17.90,42.47,1.972,0.298
257,Vermont (21-12),99.15,25.00,72.09,85.15,40.43,37.89,32.40,23.17,40.27,24.10,53.21,9.83,9.24,2.71,44.50,27.20,28.30,2.162,0.295
258,Portland (12-20),106.47,24.40,77.89,84.83,43.91,37.02,35.02,18.77,37.62,29.04,59.32,8.35,12.90,5.09,43.64,22.12,34.24,2.094,0.295
259,Colgate (14-19),105.33,21.10,73.96,85.38,44.77,37.04,35.85,19.83,40.49,28.51,59.33,12.83,11.37,4.81,43.39,23.22,33.39,2.100,0.289
260,Bowling Green (14-18),100.37,26.45,74.95,85.30,40.97,33.15,32.09,17.95,34.78,34.19,52.84,12.03,13.82,5.40,38.87,21.05,40.09,1.988,0.287
261,American (22-13),102.51,23.62,75.11,84.85,41.91,39.63,34.43,17.59,35.77,27.63,56.55,11.06,10.07,3.61,46.70,20.73,32.57,2.141,0.284
262,Monmouth (13-20),105.02,30.27,74.04,86.01,41.50,31.02,36.16,24.46,33.77,30.53,53.13,11.83,14.99,5.82,36.07,28.43,35.50,2.006,0.281
263,CSU Bakersfield (14-19),104.60,29.02,76.40,86.04,42.66,24.90,36.19,31.88,37.17,29.26,54.16,10.94,17.84,6.33,28.94,37.05,34.01,1.949,0.278
264,Siena (14-18),104.08,29.98,74.80,86.57,40.79,34.48,32.01,20.03,35.66,32.05,53.43,11.75,15.18,5.24,39.84,23.14,37.02,2.028,0.275
265,E. Michigan (16-16),104.88,25.89,75.09,85.94,43.37,32.31,33.70,22.09,37.52,31.54,57.37,13.56,14.06,4.76,37.59,25.71,36.70,2.009,0.273
266,UT Martin (14-19),104.32,27.27,69.20,88.45,40.86,40.60,32.46,17.27,35.26,30.58,55.18,14.20,16.91,4.96,45.90,19.52,34.58,2.113,0.273
267,Southern (20-12),100.04,30.34,64.15,87.89,41.06,27.61,30.44,24.05,35.79,36.23,52.65,13.62,15.87,6.14,31.42,27.36,41.22,1.902,0.267
268,Charlotte (11-22),105.72,32.42,74.96,83.76,42.13,34.52,31.44,17.35,33.84,31.89,58.20,10.12,11.31,4.77,41.21,20.72,38.08,2.031,0.264
269,Pacific (9-24),101.52,25.96,72.94,83.94,43.38,31.31,31.20,19.77,41.10,32.86,56.34,10.72,13.28,6.07,37.30,23.56,39.14,1.982,0.262
270,Lafayette (13-20),100.09,25.77,69.40,85.14,41.30,36.14,32.89,18.73,32.22,30.27,56.94,10.06,12.52,5.07,42.44,22.00,35.56,2.069,0.259
271,W. Michigan (12-20),103.18,26.70,67.99,92.67,40.96,31.80,28.60,24.77,35.63,36.11,55.51,12.92,19.42,7.26,34.31,26.73,38.96,1.954,0.253
272,Mercer (14-19),99.93,24.42,64.60,88.82,41.17,35.17,31.35,22.22,36.37,31.44,55.54,12.82,17.91,6.58,39.60,25.01,35.39,2.042,0.251
273,Long Island (17-16),96.32,22.36,74.04,87.69,40.38,29.81,30.03,27.72,38.24,30.15,52.58,11.15,14.41,5.29,34.00,31.61,34.39,1.996,0.251
274,Columbia (12-15),106.40,25.51,73.82,86.63,43.81,35.02,33.31,17.76,35.04,33.85,59.28,12.31,14.04,5.77,40.42,20.51,39.07,2.013,0.248
275,North Florida (15-17),107.43,22.50,68.45,90.18,42.36,46.83,33.40,10.55,33.87,32.79,57.88,12.47,15.88,5.79,51.93,11.70,36.36,2.156,0.248
276,Jackson State (16-18),100.21,27.09,73.31,85.38,41.96,26.60,32.73,26.03,33.12,32.75,56.47,10.10,12.38,5.09,31.15,30.49,38.36,1.928,0.245
277,Albany (17-16),104.63,25.88,73.69,88.65,41.91,34.43,32.63,27.17,40.57,27.05,55.08,12.66,14.37,5.30,38.84,30.65,30.51,2.083,0.240
278,Gardner-Webb (11-20),103.08,28.70,69.93,83.78,44.10,28.13,32.41,19.72,35.62,35.93,57.90,9.46,15.16,6.96,33.57,23.53,42.89,1.907,0.237
279,Stephen F. Austin (14-17),96.42,25.18,63.06,87.51,40.55,32.40,29.48,25.82,35.94,29.29,56.87,13.37,17.47,6.29,37.03,29.51,33.47,2.036,0.231
280,Houston Christian (12-20),100.16,24.39,68.96,86.01,41.86,35.97,31.49,20.93,40.21,29.11,55.85,14.58,11.65,5.49,41.82,24.34,33.84,2.080,0.231
281,Ball State (14-17),103.99,32.14,70.60,84.21,42.37,30.56,32.49,22.95,38.34,30.69,55.22,7.56,15.70,7.44,36.29,27.26,36.45,1.998,0.229
282,San Diego (6-27),101.09,27.38,74.86,86.42,41.06,30.58,31.46,26.20,33.73,29.64,57.44,13.65,16.14,7.05,35.39,30.31,34.30,2.011,0.226
283,Alabama State (20-16),101.11,23.80,68.24,93.11,39.40,36.74,31.25,23.11,31.77,33.27,53.71,16.01,14.34,4.92,39.46,24.81,35.73,2.037,0.223
284,Tenn. Tech (15-17),100.52,21.87,69.76,86.36,41.78,38.15,34.36,19.19,36.90,29.02,54.75,11.76,12.50,4.44,44.18,22.22,33.60,2.106,0.223
285,Weber State (12-22),101.62,25.91,70.16,85.29,42.93,32.51,31.42,21.88,37.84,30.90,58.64,11.57,11.63,4.73,38.12,25.65,36.23,2.019,0.218
286,Austin Peay (14-19),101.53,24.45,71.49,88.57,40.97,35.14,32.63,18.02,34.63,35.41,52.48,12.01,13.46,5.64,39.67,20.35,39.98,1.997,0.215
287,Navy (15-19),101.75,29.28,72.50,86.51,40.14,33.67,32.85,22.44,36.38,30.40,51.00,10.76,16.29,5.50,38.92,25.94,35.14,2.038,0.212
288,Idaho (14-19),106.18,25.22,76.81,86.80,42.04,41.47,33.32,16.31,34.49,29.02,58.75,8.53,12.32,4.51,47.78,18.79,33.43,2.143,0.207
289,E. Washington (10-22),102.75,24.88,77.31,85.40,43.00,32.29,31.17,19.72,35.90,33.39,58.64,12.58,13.21,5.07,37.81,23.09,39.10,1.987,0.204
290,Penn (8-19),103.71,24.82,69.39,86.25,42.63,38.33,33.79,17.15,32.60,30.77,59.22,9.55,13.14,4.67,44.44,19.89,35.67,2.088,0.204
291,Texas Southern (15-17),97.03,22.02,70.55,88.39,40.90,29.58,31.09,34.30,37.75,24.51,57.16,16.92,14.49,5.45,33.47,38.80,27.73,2.057,0.201
292,Lehigh (11-19),101.33,26.53,67.51,84.46,42.54,32.99,35.06,24.31,39.57,27.16,54.27,10.05,10.75,3.50,39.06,28.78,32.16,2.069,0.201
293,Old Dominion (15-20),100.33,26.11,73.40,92.45,38.62,33.81,28.86,27.57,32.74,31.08,54.46,11.88,20.16,7.43,36.57,29.82,33.61,2.030,0.196
294,Denver (11-21),100.29,24.68,73.28,84.41,42.68,30.41,33.41,28.51,42.42,25.49,54.03,11.06,13.39,5.53,36.03,33.78,30.20,2.058,0.193
295,Howard (12-20),103.31,25.73,76.41,83.17,43.80,30.41,35.50,24.02,41.14,28.74,54.80,10.96,12.88,5.17,36.56,28.88,34.56,2.020,0.193
296,Marist (20-10),97.00,19.82,71.23,89.06,40.82,33.91,29.98,27.87,36.16,27.28,59.06,9.45,14.82,5.26,38.08,31.30,30.63,2.074,0.187
297,St. Peter's (12-16),96.45,30.14,73.96,87.67,36.42,33.97,30.36,23.57,32.56,30.13,46.27,10.94,17.38,5.62,38.74,26.88,34.37,2.044,0.182
298,Tarleton (12-20),93.91,28.83,73.31,78.64,41.56,22.70,32.64,23.12,33.11,32.83,53.67,13.56,12.52,5.82,28.86,29.40,41.74,1.871,0.182
299,IU Indianapolis (10-22),109.93,27.31,75.29,91.83,40.71,41.27,35.40,21.77,34.28,28.79,53.18,11.98,17.98,5.67,44.94,23.71,31.35,2.136,0.179
300,Fair. Dickinson (13-20),99.34,26.28,70.94,84.44,41.19,34.88,31.93,19.44,34.26,30.13,56.37,13.42,13.26,5.03,41.30,23.02,35.68,2.056,0.179
301,Long Beach St. (7-25),101.23,26.92,75.36,82.60,42.80,29.53,34.69,24.59,38.32,28.48,55.07,8.38,12.79,5.86,35.75,29.77,34.48,2.013,0.174
302,Delaware State (16-14),102.44,27.76,72.03,87.08,43.34,19.52,35.67,34.21,38.14,33.36,53.16,14.66,15.77,8.18,22.41,39.28,38.30,1.841,0.171
303,Bethune-Cookman (17-16),98.09,27.06,68.14,84.99,42.06,26.63,30.67,29.31,38.08,29.04,56.51,12.33,13.74,4.99,31.34,34.49,34.17,1.972,0.168
304,UMBC (13-19),106.24,23.95,69.92,82.20,46.66,33.51,38.20,19.81,39.63,28.87,61.30,12.13,6.98,3.36,40.77,24.11,35.13,2.056,0.165
305,E. Illinois (12-19),95.82,25.82,73.04,86.54,39.32,27.56,32.29,25.42,34.70,33.56,48.60,13.65,15.42,5.27,31.84,29.38,38.78,1.931,0.163
306,St. Francis (PA) (16-18),100.63,19.30,71.15,85.94,43.46,35.82,34.07,20.74,39.53,29.38,57.68,10.80,11.84,4.75,41.68,24.13,34.18,2.075,0.160
307,Louisiana (12-21),98.84,24.40,72.97,88.38,40.12,31.51,32.11,25.39,31.79,31.49,54.85,13.44,12.32,4.37,35.65,28.73,35.62,2.000,0.157
308,Southern Miss (11-22),97.19,25.15,68.19,83.65,42.41,29.68,30.58,24.01,36.49,29.97,58.87,12.27,12.78,4.88,35.47,28.70,35.83,1.996,0.154
309,Loyola (MD) (12-19),100.52,24.11,68.93,86.20,41.81,36.04,32.82,14.42,26.71,35.74,56.96,11.66,13.93,4.79,41.81,16.72,41.47,2.003,0.152
310,Oral Roberts (7-23),102.03,27.01,75.97,85.06,40.53,37.43,33.57,18.31,30.02,29.32,55.97,7.28,12.70,4.64,44.00,21.53,34.47,2.095,0.149
311,Boston U (16-16),98.89,25.02,67.69,85.33,40.98,36.88,32.58,20.57,42.18,27.89,51.19,9.16,11.32,3.97,43.22,24.10,32.68,2.105,0.146
312,Niagara (11-20),102.39,23.80,74.77,83.73,43.32,34.50,34.92,16.30,37.81,32.94,54.83,10.20,10.98,4.20,41.20,19.46,39.34,2.019,0.143
313,Grambling State (12-22),95.16,24.78,72.71,84.93,40.30,27.82,31.25,25.86,34.58,31.25,53.08,11.91,13.18,6.16,32.75,30.45,36.79,1.960,0.138
314,Morehead State (15-17),97.88,27.74,66.85,86.25,40.44,30.22,31.67,28.75,37.78,27.29,52.96,8.52,15.08,4.48,35.04,33.33,31.63,2.034,0.138
315,Lindenwood (16-17),97.91,28.56,68.99,87.16,40.09,30.33,27.44,20.78,34.42,36.05,54.01,13.17,17.20,7.01,34.80,23.84,41.37,1.934,0.135
316,Charleston So. (10-22),98.87,31.90,66.89,81.89,41.03,33.86,30.50,16.64,38.85,31.38,53.55,7.92,13.03,4.60,41.35,20.33,38.32,2.030,0.135
317,Utah Tech (7-26),100.64,25.32,70.41,85.42,41.81,34.36,33.10,21.37,35.54,29.69,56.41,10.05,13.91,5.47,40.23,25.01,34.76,2.055,0.129
318,Stonehill (15-17),102.84,24.70,72.32,85.81,41.82,37.70,35.07,14.45,27.05,33.66,55.72,9.45,10.72,3.54,43.94,16.84,39.22,2.047,0.127
319,NC Central (14-19),102.60,28.22,71.02,86.21,42.51,27.22,34.02,23.30,33.74,35.69,54.71,14.15,15.23,6.28,31.57,27.03,41.40,1.902,0.124
320,Holy Cross (13-19),102.50,20.33,71.51,85.86,42.99,38.03,37.16,25.69,38.94,22.15,57.71,7.47,9.07,3.52,44.29,29.92,25.79,2.185,0.118
321,Florida A&M (14-17),100.47,26.37,72.11,82.98,42.16,34.90,32.93,18.07,35.47,30.02,56.91,9.40,11.32,4.94,42.05,21.77,36.18,2.059,0.118
322,VMI (15-19),100.60,27.46,77.06,83.70,40.27,39.16,30.70,14.48,30.61,30.06,57.40,13.89,12.80,5.04,46.79,17.30,35.91,2.109,0.116
323,Rider (14-19),102.78,25.60,72.54,89.99,41.90,28.40,31.02,29.52,38.68,32.06,54.50,10.46,14.47,6.03,31.56,32.81,35.63,1.959,0.116
324,Air Force (4-28),98.20,25.28,61.87,82.15,42.68,36.91,33.69,16.40,36.58,28.84,57.66,8.62,9.54,3.91,44.93,19.96,35.11,2.098,0.110
325,Army (17-16),99.94,23.51,66.97,88.47,40.93,38.43,30.63,18.24,36.79,31.80,55.76,11.46,12.58,3.38,43.44,20.61,35.95,2.075,0.107
326,Binghamton (15-17),98.72,25.96,70.66,81.93,42.37,32.13,34.09,15.05,33.48,34.75,53.87,8.06,11.84,3.92,39.21,18.37,42.41,1.968,0.105
327,Alcorn State (11-21),97.54,23.98,71.37,88.10,41.30,24.22,31.61,32.55,35.84,31.34,54.46,11.65,11.27,4.67,27.49,36.94,35.57,1.919,0.102
328,Southern Utah (12-19),95.78,27.20,72.24,84.37,40.12,27.99,30.09,27.14,34.81,29.24,54.67,8.11,13.89,6.38,33.18,32.17,34.65,1.985,0.099
329,Morgan State (14-18),101.74,27.91,72.17,88.21,42.67,19.60,32.28,33.95,39.30,34.65,51.84,11.69,16.46,7.11,22.23,38.49,39.28,1.829,0.094
330,Green Bay (4-28),101.22,27.58,79.00,81.22,41.79,35.80,32.24,16.11,37.44,29.32,55.85,8.80,9.16,3.43,44.07,19.83,36.10,2.080,0.094
331,S. Indiana (10-20),100.29,23.35,73.94,87.27,41.53,29.95,35.16,26.66,33.33,30.66,54.90,10.77,11.49,3.98,34.32,30.56,35.13,1.992,0.091
332,Fairfield (12-20),97.91,22.29,74.18,90.01,39.23,34.47,31.21,25.56,31.60,29.97,54.94,12.04,13.73,4.37,38.30,28.40,33.30,2.050,0.091
333,Bellarmine (5-26),101.87,21.42,76.74,83.46,43.85,36.29,33.74,16.61,34.14,30.56,61.12,11.81,10.12,4.24,43.48,19.91,36.62,2.069,0.085
334,Detroit Mercy (8-24),96.20,24.40,72.54,88.14,39.70,27.43,31.08,34.49,39.48,26.22,49.00,9.40,16.28,6.21,31.12,39.13,29.74,2.014,0.083
335,Coast. Carolina (10-22),99.72,27.83,70.45,84.78,40.74,32.22,34.26,20.84,31.97,31.72,53.08,5.63,13.19,4.65,38.00,24.58,37.42,2.006,0.080
336,W. Carolina (8-22),95.06,21.30,72.53,86.99,38.61,40.68,30.55,16.78,33.74,29.53,52.48,7.74,12.69,4.51,46.77,19.29,33.95,2.128,0.077
337,Wagner (14-16),93.18,24.02,70.67,88.74,37.01,33.61,31.34,30.44,33.98,24.69,48.44,10.36,15.40,5.37,37.87,34.30,27.83,2.100,0.072
338,Mercyhurst (15-16),100.44,24.02,79.63,84.64,41.21,31.45,36.76,24.79,32.67,28.40,53.59,10.99,12.05,4.24,37.16,29.29,33.55,2.036,0.072
339,East Texas A&M (5-26),96.40,21.50,63.64,85.43,41.29,38.54,31.58,17.71,35.32,29.18,57.76,16.48,12.04,5.32,45.11,20.73,34.15,2.110,0.069
340,Stony Brook (8-24),101.45,26.15,73.75,86.00,40.85,33.95,35.08,26.00,35.59,26.05,53.63,8.36,14.96,6.56,39.47,30.24,30.29,2.092,0.066
341,W. Illinois (12-19),99.03,21.83,67.07,86.36,42.20,31.42,36.59,30.35,37.32,24.60,55.38,7.94,11.03,4.05,36.38,35.14,28.48,2.079,0.066
342,NC A&T (7-25),96.63,26.26,68.21,86.60,40.02,31.14,30.23,23.17,31.53,32.29,55.53,9.22,13.37,4.56,35.95,26.76,37.29,1.987,0.061
343,Buffalo (9-22),96.56,24.79,72.07,83.55,40.64,35.67,30.22,13.60,30.25,34.28,55.61,10.42,12.58,4.55,42.69,16.27,41.03,2.017,0.058
344,N. Illinois (6-25),94.59,25.34,70.50,83.81,38.01,39.90,32.60,18.76,30.02,25.16,52.56,10.13,9.28,3.09,47.60,22.38,30.02,2.176,0.055
345,Stetson (8-24),98.75,26.65,73.33,82.17,42.15,31.23,31.80,21.86,37.74,29.09,56.59,9.91,11.43,6.31,38.00,26.60,35.40,2.026,0.052
346,USC Upstate (6-26),96.98,23.37,67.88,83.88,42.50,32.38,30.34,21.53,38.39,29.96,58.59,13.19,11.07,4.71,38.61,25.67,35.72,2.029,0.050
347,West Georgia (6-25),97.51,26.14,68.59,86.36,41.73,26.56,28.25,25.50,35.53,34.30,56.79,12.40,13.87,7.51,30.75,29.53,39.72,1.910,0.044
348,UL Monroe (7-25),96.54,25.01,71.69,87.57,39.42,28.84,33.18,30.38,30.99,28.35,54.79,13.26,16.29,6.58,32.94,34.69,32.38,2.006,0.044
349,New Orleans (4-27),99.88,27.70,67.28,87.86,41.61,26.87,30.28,23.07,32.68,37.92,55.06,13.70,15.58,5.15,30.58,26.26,43.16,1.874,0.041
350,Sacramento St. (7-25),95.57,22.33,67.99,86.00,40.00,38.19,30.37,15.90,32.32,31.91,55.34,8.35,14.54,5.41,44.41,18.48,37.11,2.073,0.041
351,Cent. Arkansas (9-24),97.20,24.12,72.04,85.89,39.55,40.57,29.28,18.97,34.72,26.35,58.85,10.96,12.21,4.38,47.24,22.09,30.68,2.166,0.036
352,Le Moyne (9-23),101.17,27.90,70.64,81.87,43.05,33.16,33.07,18.75,37.75,29.96,57.43,12.56,12.07,4.64,40.50,22.90,36.59,2.039,0.033
353,NJIT (6-25),94.58,23.41,73.77,87.33,38.17,34.86,30.54,24.95,34.76,27.52,50.92,7.63,12.95,4.64,39.92,28.56,31.52,2.084,0.030
354,Canisius (3-28),98.72,18.64,77.09,83.75,42.74,34.86,36.63,24.15,37.41,24.73,56.55,11.70,7.76,2.86,41.63,28.84,29.53,2.121,0.028
355,PV A&M (5-27),97.89,25.08,68.87,86.12,41.98,27.35,30.36,23.71,35.81,35.06,55.22,11.99,11.18,5.02,31.75,27.53,40.71,1.910,0.025
356,UNH (8-24),93.21,21.90,66.26,86.43,38.68,37.63,31.43,24.93,34.60,23.87,54.39,10.36,10.02,2.74,43.54,28.84,27.62,2.159,0.022
357,CSU Fullerton (6-26),91.25,25.94,73.02,81.54,39.71,27.71,27.25,19.94,33.03,33.89,53.83,9.16,12.40,4.04,33.98,24.46,41.56,1.924,0.019
358,UMES (6-25),93.80,25.20,68.60,84.52,39.28,30.55,33.12,26.94,35.06,27.03,50.44,10.07,13.68,5.74,36.15,31.87,31.98,2.042,0.017
359,Chicago State (4-28),91.14,21.17,70.86,85.60,38.20,34.53,31.11,22.60,32.70,28.47,51.17,13.63,11.55,3.61,40.34,26.40,33.26,2.071,0.014
360,Alabama A&M (10-22),92.05,26.87,66.67,83.80,38.14,32.88,31.07,21.53,30.98,29.40,51.28,13.16,14.33,5.61,39.23,25.69,35.08,2.041,0.011
361,The Citadel (5-25),93.09,24.79,62.66,84.42,39.52,37.06,29.24,17.01,34.20,30.35,55.05,7.81,13.54,5.45,43.90,20.15,35.96,2.079,0.008
362,Coppin State (6-24),88.07,25.99,68.02,82.46,38.00,26.57,29.06,24.44,30.85,31.46,51.10,13.23,11.99,4.10,32.22,29.64,38.14,1.941,0.006
363,AR-Pine Bluff (6-25),93.83,24.70,58.77,83.95,41.99,29.26,30.15,17.53,36.70,37.16,53.80,9.70,11.47,4.39,34.85,20.88,44.26,1.906,0.003
364,Miss. Valley St. (3-28),81.16,19.84,66.56,79.24,38.57,22.47,30.43,30.41,34.00,26.36,50.77,8.51,9.97,4.64,28.36,38.37,33.27,1.951,0.000
